{"cameraMode":{"drawMode":0,"name":"Shaded","section":"Shading Mode"},"sceneLighting":false,"audioPlay":false,"sceneViewState":{"m_AlwaysRefresh":false,"showFog":true,"showSkybox":false,"showFlares":true,"showImageEffects":true,"showParticleSystems":true,"showVisualEffectGraphs":true,"m_FxEnabled":true},"in2DMode":false,"pivot":{"x":26.526878356933595,"y":-28.709300994873048,"z":25.052085876464845},"rotation":{"x":-0.17915993928909303,"y":-0.44760623574256899,"z":0.09204696118831635,"w":-0.8712513446807861},"size":5.258313179016113,"orthographic":false}